iter	MultiClass
0	1.094021663
1	1.0894898
2	1.084397285
3	1.079994024
4	1.075747708
5	1.071517316
6	1.067452477
7	1.063429105
8	1.058814075
9	1.054929431
10	1.051050821
